{"SD y_train": 36.872174163174684, "1_ES_model trained": 0.4242957532405853, "1_ES_model validated": 28.692293167114258, "1_ES_model test": 17.417696814102044, "1_ES_CV5_model trained": 0.8987768888473511, "1_ES_CV5_model validated": 1.4876986742019653, "1_ES_CV5_model test": 6.823494163172155, "2_ES_CV5_model trained": 0.9526938199996948, "2_ES_CV5_model validated": 1.0219128131866455, "2_ES_CV5_model test": 4.877734375404807, "3_ES_CV5_model trained": 0.6558419466018677, "3_ES_CV5_model validated": 0.8817958831787109, "3_ES_CV5_model test": 6.418497045723478}